id,intent,question,answer,category,keywords,difficulty,source
general_qa_0001,GENERAL,What is a Private Limited Company?,"A Private Limited Company is a privately held business entity with limited liability, requiring 2-200 shareholders and minimum 2 directors. It's a separate legal entity that can own assets, incur debts, and enter contracts. Shareholders' liability is limited to their share capital investment.",business_structure,"private limited, pvt ltd",beginner,Comprehensive manual curation
general_qa_0002,GENERAL,What are advantages of Private Limited Company?,"Advantages: (1) Limited liability for shareholders, (2) Separate legal entity, (3) Easy VC funding, (4) Perpetual succession, (5) Credibility, (6) Can issue ESOPs, (7) Tax benefits, (8) Easy share transfer",business_structure,pvt ltd advantages,beginner,Comprehensive manual curation
general_qa_0003,GENERAL,What are disadvantages of Private Limited Company?,"Disadvantages: (1) Higher compliance, (2) Higher costs, (3) Restricted share transfer, (4) Minimum 2 directors needed, (5) Regulatory scrutiny, (6) Mandatory audit, (7) Public disclosure to ROC",business_structure,pvt ltd disadvantages,beginner,Comprehensive manual curation
general_qa_0004,GENERAL,How many directors needed for Pvt Ltd?,"Minimum 2 directors, maximum 15. At least one must be Indian resident (182+ days/year). All need DIN and DSC.",business_structure,"directors, pvt ltd",beginner,Comprehensive manual curation
general_qa_0005,GENERAL,Can one person start Pvt Ltd?,"No, minimum 2 directors and 2 shareholders required. One person can start OPC (One Person Company) instead.",business_structure,"single person, opc",beginner,Comprehensive manual curation
general_qa_0006,GENERAL,What is LLP?,"Limited Liability Partnership combines partnership flexibility with limited liability. Minimum 2 partners, no maximum. Separate legal entity with partners' liability limited to contribution.",business_structure,"llp, partnership",beginner,Comprehensive manual curation
general_qa_0007,GENERAL,What are LLP advantages?,"Advantages: (1) Limited liability, (2) Lower compliance vs Pvt Ltd, (3) No minimum capital, (4) Flexible profit sharing, (5) Separate legal entity, (6) Lower audit threshold",business_structure,llp advantages,beginner,Comprehensive manual curation
general_qa_0008,GENERAL,What are LLP disadvantages?,"Disadvantages: (1) Hard to raise VC funding, (2) Cannot issue ESOPs, (3) Cannot convert to Public Ltd for IPO, (4) All partners need DIN/DSC, (5) Mandatory annual filings",business_structure,llp disadvantages,beginner,Comprehensive manual curation
general_qa_0009,GENERAL,LLP vs Pvt Ltd - which is better?,"Pvt Ltd for: VC funding, ESOPs, IPO plans, scalable startups. LLP for: Professional services, lower compliance, no external funding needed, partnership flexibility.",business_structure,llp vs pvt ltd,beginner,Comprehensive manual curation
general_qa_0010,GENERAL,Who should choose LLP?,"Best for: CA firms, law firms, consultants, architects, professional services. Not suitable for product startups seeking VC funding.",business_structure,llp suitability,beginner,Comprehensive manual curation
general_qa_0011,GENERAL,What is One Person Company?,OPC is company with single shareholder/member. Provides limited liability to solo entrepreneur. Needs 1 director (can be same person) and 1 nominee.,business_structure,"opc, one person company",beginner,Comprehensive manual curation
general_qa_0012,GENERAL,What are OPC advantages?,"Advantages: (1) Single ownership, (2) Limited liability, (3) Separate legal entity, (4) No minimum capital, (5) Easier compliance, (6) Can convert to Pvt Ltd, (7) Credibility",business_structure,opc advantages,beginner,Comprehensive manual curation
general_qa_0013,GENERAL,What are OPC limitations?,"Limitations: (1) Only Indian citizens/residents, (2) Hard to raise VC funding, (3) Turnover limit ₹2Cr, (4) Capital limit ₹50L, (5) Cannot do NBFC activities, (6) Only one member",business_structure,opc limitations,beginner,Comprehensive manual curation
general_qa_0014,GENERAL,When must OPC convert to Pvt Ltd?,"Mandatory conversion when: (1) Annual turnover exceeds ₹2 crores, OR (2) Paid-up capital exceeds ₹50 lakhs. Must convert within 6 months.",business_structure,opc conversion,beginner,Comprehensive manual curation
general_qa_0015,GENERAL,Can NRI start OPC?,"No, only Indian citizens who are residents of India can incorporate OPC. NRIs cannot form OPC.",business_structure,opc nri,beginner,Comprehensive manual curation
general_qa_0016,GENERAL,What is Partnership Firm?,Business where 2-50 persons share profits/losses. Governed by Partnership Act 1932. Partners have unlimited liability. Registration optional but recommended.,business_structure,partnership firm,beginner,Comprehensive manual curation
general_qa_0017,GENERAL,Registered vs Unregistered Partnership?,"Registered: Can sue third parties, partners can sue firm, legal recognition. Unregistered: Cannot sue third parties, limited legal protection. Always register.",business_structure,partnership registration,beginner,Comprehensive manual curation
general_qa_0018,GENERAL,What is Partnership Deed?,"Legal document defining partnership terms: profit sharing, capital contribution, duties, dispute resolution, admission/retirement of partners. Must be on stamp paper.",business_structure,partnership deed,beginner,Comprehensive manual curation
general_qa_0019,GENERAL,What is Sole Proprietorship?,Simplest structure owned by single person. No legal distinction between owner and business - unlimited liability. No ROC registration needed.,business_structure,sole proprietorship,beginner,Comprehensive manual curation
general_qa_0020,GENERAL,Sole Proprietorship advantages?,"Advantages: (1) Easy setup, (2) Minimal compliance, (3) Complete control, (4) All profits to owner, (5) Easy to dissolve, (6) Lower costs, (7) Privacy",business_structure,proprietorship advantages,beginner,Comprehensive manual curation
general_qa_0021,GENERAL,Sole Proprietorship disadvantages?,"Disadvantages: (1) Unlimited liability, (2) Hard to raise funding, (3) Limited credibility, (4) No perpetual succession, (5) Cannot issue shares, (6) Limited growth",business_structure,proprietorship disadvantages,beginner,Comprehensive manual curation
general_qa_0022,GENERAL,How to register Private Limited Company?,"Steps: (1) Get DSC for directors, (2) Apply for DIN, (3) Reserve company name via RUN, (4) Draft MOA and AOA, (5) File SPICe+ form, (6) Pay fees, (7) Get Certificate of Incorporation with PAN/TAN",company_registration,"pvt ltd registration, incorporation",beginner,Comprehensive manual curation
general_qa_0023,GENERAL,What is DSC?,Digital Signature Certificate - electronic signature for directors to sign documents digitally. Mandatory for company incorporation. Valid for 1-2 years. Cost: ₹500-1500.,company_registration,"dsc, digital signature",beginner,Comprehensive manual curation
general_qa_0024,GENERAL,What is DIN?,Director Identification Number - unique 8-digit number for every director. Mandatory for all directors. Lifetime validity. Applied via SPICe+ or DIR-3 form.,company_registration,"din, director number",beginner,Comprehensive manual curation
general_qa_0025,GENERAL,How to choose company name?,"Rules: (1) Check availability on MCA portal, (2) Not similar to existing companies, (3) Not identical to trademarks, (4) No offensive words, (5) Not prohibited words without approval, (6) Add Pvt Ltd/LLP suffix",company_registration,"company name, name approval",beginner,Comprehensive manual curation
general_qa_0026,GENERAL,What is RUN service?,Reserve Unique Name - MCA service to reserve company name. Can propose 2 names. Approval in 1-2 days. Reserved for 20 days. Part of SPICe+ Part A.,company_registration,"run, name reservation",beginner,Comprehensive manual curation
general_qa_0027,GENERAL,Documents for company registration?,"Required: (1) PAN/Passport of directors, (2) Aadhaar/address proof, (3) Photos, (4) Office address proof (utility bill <2 months), (5) Rent agreement + NOC if rented, (6) DSC, (7) DIN, (8) MOA, (9) AOA",company_registration,"documents required, incorporation documents",beginner,Comprehensive manual curation
general_qa_0028,GENERAL,What is MOA?,"Memorandum of Association - defines company's objectives, scope of activities, authorized capital, and relationship with outside world. Must be filed with ROC.",company_registration,"moa, memorandum",beginner,Comprehensive manual curation
general_qa_0029,GENERAL,What is AOA?,"Articles of Association - defines internal management rules, rights/duties of directors and shareholders, meeting procedures, share transfer rules. Company's internal constitution.",company_registration,"aoa, articles",beginner,Comprehensive manual curation
general_qa_0030,GENERAL,What is authorized capital?,Maximum capital company can raise by issuing shares. No minimum limit. Determines stamp duty during incorporation. Can be increased later by paying additional fees.,company_registration,"authorized capital, share capital",beginner,Comprehensive manual curation
general_qa_0031,GENERAL,What is paid-up capital?,Actual amount of capital paid by shareholders for shares. Can be less than authorized capital. No minimum requirement for Pvt Ltd/OPC.,company_registration,paid-up capital,beginner,Comprehensive manual curation
general_qa_0032,GENERAL,Company registration cost?,"Costs: (1) Government fees: ₹500-10,000 (based on capital), (2) Stamp duty: varies by state, (3) Professional fees: ₹5,000-15,000, (4) DSC: ₹500-1500. Total: ₹10,000-30,000 typically.",company_registration,"registration cost, incorporation fees",beginner,Comprehensive manual curation
general_qa_0033,GENERAL,How long does incorporation take?,Timeline: 7-15 working days typically. Can extend to 30 days if document issues. Fully online process via MCA portal.,company_registration,"incorporation timeline, registration time",beginner,Comprehensive manual curation
general_qa_0034,GENERAL,Is minimum capital required?,"No minimum capital for Pvt Ltd and OPC. Can start with ₹1,000. Consider practical needs for operations and licenses.",company_registration,minimum capital,beginner,Comprehensive manual curation
general_qa_0035,GENERAL,What after getting COI?,"Post-incorporation: (1) Open bank account, (2) Get GST registration if needed, (3) Appoint auditor, (4) Conduct first board meeting, (5) Issue share certificates, (6) Get PF/ESI if hiring, (7) Get business licenses",company_registration,"post incorporation, after coi",beginner,Comprehensive manual curation
general_qa_0036,GENERAL,What is Certificate of Incorporation?,"COI is proof of company's legal existence issued by ROC. Contains: Company name, CIN, incorporation date, registered office, ROC jurisdiction. Also includes PAN and TAN.",company_registration,"coi, incorporation certificate",beginner,Comprehensive manual curation
general_qa_0037,GENERAL,What is CIN?,Corporate Identity Number - unique 21-character alphanumeric code for every company. Format: L/U + Industry code + State code + Year + Company type + Serial number + Check digit.,company_registration,"cin, company number",beginner,Comprehensive manual curation
general_qa_0038,GENERAL,What is Startup India?,"Government initiative launched Jan 2016 to build startup ecosystem. Provides tax benefits, easier compliance, funding access, IPR support, and networking opportunities to eligible startups.",startup_india,"startup india, dpiit",beginner,Comprehensive manual curation
general_qa_0039,GENERAL,Startup India eligibility?,"Criteria: (1) Pvt Ltd/LLP/Partnership, (2) <10 years old, (3) Turnover <₹100Cr, (4) Working on innovation/improvement, (5) Not formed by splitting existing business, (6) DPIIT recognition",startup_india,"eligibility, dpiit recognition",beginner,Comprehensive manual curation
general_qa_0040,GENERAL,Startup India benefits?,"Benefits: (1) 3-year tax exemption, (2) Self-certification for 6 labor + 3 environment laws, (3) Access to Fund of Funds (₹10,000Cr), (4) Seed Fund (₹945Cr), (5) 80% patent fee rebate, (6) Fast-track patent, (7) Networking",startup_india,"benefits, tax exemption",beginner,Comprehensive manual curation
general_qa_0041,GENERAL,How to register for Startup India?,"Steps: (1) Incorporate company first, (2) Create profile on startupindia.gov.in, (3) Apply for DPIIT recognition via NSWS portal, (4) Upload documents: COI, PAN, innovation description, (5) Get recognition certificate",startup_india,"registration process, dpiit",beginner,Comprehensive manual curation
general_qa_0042,GENERAL,Is Startup India registration free?,"Yes, completely free. No government fees for DPIIT recognition. May have professional fees for documentation help.",startup_india,"registration fee, cost",beginner,Comprehensive manual curation
general_qa_0043,GENERAL,What is 3-year tax exemption?,Income tax exemption for 3 consecutive years out of first 10 years. Must get certification from Inter-Ministerial Board (IMB). Startup must be innovative and scalable.,startup_india,"tax exemption, income tax",beginner,Comprehensive manual curation
general_qa_0044,GENERAL,How to get tax exemption certificate?,"Apply to IMB with: (1) DPIIT recognition, (2) Business plan, (3) Innovation proof, (4) Scalability potential, (5) Job creation plan. IMB reviews and grants certificate if approved.",startup_india,"imb, tax certificate",beginner,Comprehensive manual curation
general_qa_0045,GENERAL,What is angel tax exemption?,Exemption from Section 56(2)(viib) - tax on investments above fair market value. DPIIT recognized startups with turnover <₹25Cr exempt from angel tax.,startup_india,"angel tax, section 56",beginner,Comprehensive manual curation
general_qa_0046,GENERAL,What is Fund of Funds?,"₹10,000 crore corpus managed by SIDBI. Doesn't invest directly in startups. Invests in SEBI-registered AIFs (daughter funds), who then invest in startups. 129 AIFs supported, 939 startups funded.",startup_india,"ffs, fund of funds, sidbi",beginner,Comprehensive manual curation
general_qa_0047,GENERAL,What is Seed Fund Scheme?,"₹945 crore scheme providing grants to early-stage startups. Up to ₹20L for proof of concept, up to ₹50L for product development. For DPIIT recognized startups <2 years old.",startup_india,"seed fund, sisfs, grants",beginner,Comprehensive manual curation
general_qa_0048,GENERAL,How to apply for Seed Fund?,Apply through incubators empanelled under SISFS. Incubator evaluates and recommends to Expert Advisory Committee. Grants given for concept validation and market entry.,startup_india,seed fund application,beginner,Comprehensive manual curation
general_qa_0049,GENERAL,What IPR benefits for startups?,"Benefits: (1) 80% rebate on patent filing fees, (2) 50% rebate on trademark fees, (3) Fast-track examination, (4) Panel of facilitators for filing, (5) Government pays facilitator fees",startup_india,"ipr, patent, trademark",beginner,Comprehensive manual curation
general_qa_0050,GENERAL,What is SIPP scheme?,Startup Intellectual Property Protection - helps startups file patents/trademarks at reduced cost. Government empanels facilitators and bears their fees. Startups pay only statutory fees.,startup_india,"sipp, ip protection",beginner,Comprehensive manual curation
general_qa_0051,GENERAL,What is self-certification?,"DPIIT startups can self-certify compliance for 6 labor laws and 3 environment laws for 3-5 years. Reduces inspection burden. Must still comply, just no routine inspections.",startup_india,"self certification, compliance",beginner,Comprehensive manual curation
general_qa_0052,GENERAL,What is startup funding?,"Capital raised from external sources (investors, VCs, angels, banks) to start or grow business. Can be equity (selling ownership) or debt (borrowing with interest).",funding,"startup funding, capital",beginner,Comprehensive manual curation
general_qa_0053,GENERAL,Equity vs Debt financing?,"Equity: Sell ownership for capital, no repayment, dilute ownership, investors share risk. Debt: Borrow with interest, repay regardless of performance, retain ownership, fixed obligations.",funding,"equity, debt, financing",beginner,Comprehensive manual curation
general_qa_0054,GENERAL,When to raise funding?,"Raise when: (1) Have product-market fit, (2) Need capital to scale, (3) Can't bootstrap further, (4) Have traction/revenue, (5) Clear use of funds, (6) Ready to dilute equity",funding,"when to raise, fundraising timing",beginner,Comprehensive manual curation
general_qa_0055,GENERAL,How much funding to raise?,"Raise enough for: (1) 18-24 months runway, (2) Achieve next milestone, (3) Reach next funding round, (4) Buffer for delays. Don't raise too much (dilution) or too little (run out).",funding,"funding amount, how much",beginner,Comprehensive manual curation
general_qa_0056,GENERAL,What is dilution?,Reduction in ownership % when new shares issued. Example: You own 100% of 100 shares. Issue 25 new shares to investor. Your ownership becomes 80% (100/125 shares).,funding,"dilution, equity dilution",beginner,Comprehensive manual curation
general_qa_0057,GENERAL,What is bootstrapping?,"Self-funding using personal savings, revenue, or friends/family money. No external investors. Retain 100% ownership. Slower growth but full control.",funding,"bootstrapping, self funding",beginner,Comprehensive manual curation
general_qa_0058,GENERAL,What is pre-seed funding?,"Earliest stage funding to develop MVP and validate idea. Typically ₹10L-50L from founders, friends, family, or angel investors. Before product launch.",funding,"pre-seed, early stage",beginner,Comprehensive manual curation
general_qa_0059,GENERAL,What is seed funding?,"First official funding round to build product and gain traction. Typically ₹50L-5Cr from angel investors, micro-VCs, accelerators. After MVP, before significant revenue.",funding,"seed funding, seed round",beginner,Comprehensive manual curation
general_qa_0060,GENERAL,What is Series A?,"First institutional VC round to scale proven business model. Typically ₹5Cr-50Cr. Need strong traction, revenue, and growth metrics. Focus on scaling user base.",funding,"series a, series a funding",beginner,Comprehensive manual curation
general_qa_0061,GENERAL,What is Series B?,Funding to expand market reach and team. Typically ₹50Cr-200Cr. Need consistent revenue growth and market leadership in segment. Scale operations.,funding,series b,beginner,Comprehensive manual curation
general_qa_0062,GENERAL,What is Series C and beyond?,"Late-stage funding for market expansion, acquisitions, or pre-IPO. ₹200Cr+. Mature startups with strong revenue and profitability path. Prepare for exit.",funding,"series c, late stage",beginner,Comprehensive manual curation
general_qa_0063,GENERAL,What is bridge round?,Short-term funding between major rounds or before IPO. Typically debt or convertible notes. Helps extend runway until next milestone.,funding,"bridge round, bridge financing",beginner,Comprehensive manual curation
general_qa_0064,GENERAL,What is Angel Investor?,High net-worth individual investing personal money in early-stage startups for equity. Typically ₹10L-2Cr. Often provide mentorship and connections.,funding,"angel investor, angel",beginner,Comprehensive manual curation
general_qa_0065,GENERAL,What is Venture Capitalist?,Professional investor/firm investing in high-growth startups for equity. Manage funds from LPs. Invest ₹5Cr-500Cr+. Provide strategic guidance and network.,funding,"vc, venture capital",beginner,Comprehensive manual curation
general_qa_0066,GENERAL,What is difference between Angel and VC?,"Angel: Personal money, smaller amounts (₹10L-2Cr), earlier stage, hands-on mentorship. VC: Fund money, larger amounts (₹5Cr+), later stage, board involvement, professional management.",funding,angel vs vc,beginner,Comprehensive manual curation
general_qa_0067,GENERAL,What is accelerator?,"Program providing mentorship, resources, and seed funding (₹10L-50L) for equity (5-10%). Typically 3-6 months. Examples: Y Combinator, Techstars, 500 Startups.",funding,"accelerator, incubator",beginner,Comprehensive manual curation
general_qa_0068,GENERAL,What is incubator?,"Organization providing workspace, mentorship, and resources to early-stage startups. May or may not take equity. Longer duration than accelerators (1-2 years).",funding,incubator,beginner,Comprehensive manual curation
general_qa_0069,GENERAL,What is valuation?,"Estimated worth of company. Pre-money: value before investment. Post-money: pre-money + investment. Determines investor's equity %. Example: ₹10Cr pre-money + ₹2Cr investment = ₹12Cr post-money, investor gets 16.67%.",funding,"valuation, pre-money, post-money",beginner,Comprehensive manual curation
general_qa_0070,GENERAL,What is term sheet?,"Non-binding document outlining investment terms: valuation, amount, equity %, liquidation preference, board seats, anti-dilution, vesting. Blueprint for final agreements.",funding,"term sheet, investment terms",beginner,Comprehensive manual curation
general_qa_0071,GENERAL,What is liquidation preference?,Investor's right to get paid first during exit (acquisition/liquidation). 1x means investor gets investment back before others. 2x means 2× investment back first.,funding,liquidation preference,beginner,Comprehensive manual curation
general_qa_0072,GENERAL,What is anti-dilution?,Protection for investors if future rounds at lower valuation. Full ratchet: adjust to new low price. Weighted average: proportional adjustment. Protects early investors.,funding,anti-dilution,beginner,Comprehensive manual curation
general_qa_0073,GENERAL,What is vesting?,"Gradual earning of equity over time. Typical: 4-year vesting with 1-year cliff. Cliff: no shares until 1 year. After cliff, monthly/quarterly vesting. Prevents founders from leaving early.",funding,"vesting, cliff",beginner,Comprehensive manual curation
general_qa_0074,GENERAL,What is cap table?,"Capitalization table showing ownership structure: who owns how many shares, what %, at what price. Tracks dilution across funding rounds. Critical for fundraising.",funding,"cap table, ownership",beginner,Comprehensive manual curation
general_qa_0075,GENERAL,What is convertible note?,"Debt that converts to equity in future round. Has interest rate, maturity date, discount (15-25%), and valuation cap. Common in seed stage.",funding,convertible note,beginner,Comprehensive manual curation
general_qa_0076,GENERAL,What is SAFE?,"Simple Agreement for Future Equity - investment now for equity later. No interest, no maturity. Has discount and/or valuation cap. Simpler than convertible note.",funding,"safe, simple agreement",beginner,Comprehensive manual curation
general_qa_0077,GENERAL,What is CCPS?,Compulsorily Convertible Preference Shares - Indian legal structure for startup investment. Preference shares that must convert to equity at trigger event (next round/IPO). Standard for VC deals in India.,funding,"ccps, preference shares",beginner,Comprehensive manual curation
general_qa_0078,GENERAL,What is pro-rata rights?,Investor's right to maintain ownership % in future rounds by investing proportionally. Prevents dilution. Example: 10% owner can invest 10% of next round.,funding,"pro-rata, preemptive rights",beginner,Comprehensive manual curation
general_qa_0079,GENERAL,How to prepare for fundraising?,"Preparation: (1) Strong pitch deck, (2) Financial projections, (3) Clean cap table, (4) Legal compliance, (5) Traction metrics, (6) Competitive analysis, (7) Use of funds plan, (8) Team bios",funding,fundraising preparation,beginner,Comprehensive manual curation
general_qa_0080,GENERAL,What is pitch deck?,"10-15 slide presentation covering: Problem, Solution, Market size, Product, Traction, Business model, Competition, Team, Financials, Ask. Keep concise and compelling.",funding,"pitch deck, presentation",beginner,Comprehensive manual curation
general_qa_0081,GENERAL,How long does fundraising take?,"Typically 3-6 months from first meeting to money in bank. Stages: Pitch (1-2 months), Due diligence (1-2 months), Term sheet negotiation (2-4 weeks), Legal docs (1-2 months).",funding,fundraising timeline,beginner,Comprehensive manual curation
general_qa_0082,GENERAL,What is GST?,"Goods and Services Tax - indirect tax on supply of goods/services. Replaced multiple taxes (VAT, service tax, excise). Single tax across India. Rates: 0%, 5%, 12%, 18%, 28%.",legal_compliance,"gst, tax",beginner,Comprehensive manual curation
general_qa_0083,GENERAL,When is GST mandatory?,"Mandatory if: (1) Turnover >₹40L (goods) or >₹20L (services), (2) Inter-state supply, (3) E-commerce operator, (4) Import/export, (5) Casual/non-resident taxable person. Voluntary if below threshold.",legal_compliance,"gst mandatory, gst registration",beginner,Comprehensive manual curation
general_qa_0084,GENERAL,How to register for GST?,"Register on gst.gov.in with: PAN, business proof, bank details, address proof. Get GSTIN (15-digit number). Free process. Takes 2-6 working days.",legal_compliance,gst registration process,beginner,Comprehensive manual curation
general_qa_0085,GENERAL,What are GST returns?,"Monthly/Quarterly filings reporting sales, purchases, tax collected, tax paid. GSTR-1 (sales), GSTR-3B (summary). Due dates: 10th-20th of next month. Late filing = penalty.",legal_compliance,"gst returns, gstr",beginner,Comprehensive manual curation
general_qa_0086,GENERAL,What is input tax credit?,"Credit for GST paid on purchases, can be used to offset GST on sales. Example: Paid ₹18 GST on ₹100 purchase, collected ₹36 GST on ₹200 sale. Pay only ₹18 (₹36-₹18) to government.",legal_compliance,"input tax credit, itc",beginner,Comprehensive manual curation
general_qa_0087,GENERAL,What is PAN?,"Permanent Account Number - 10-character alphanumeric tax ID. Mandatory for: Bank accounts, financial transactions >₹50K, GST, ITR filing. Issued by Income Tax Department.",legal_compliance,"pan, permanent account",beginner,Comprehensive manual curation
general_qa_0088,GENERAL,What is TAN?,Tax Deduction and Collection Account Number - 10-character alphanumeric ID for entities deducting TDS. Mandatory if paying salaries or making TDS deductions.,legal_compliance,"tan, tds",beginner,Comprehensive manual curation
general_qa_0089,GENERAL,What is MSME registration?,"Udyam Registration for Micro, Small, Medium Enterprises. Free online registration on udyamregistration.gov.in. Benefits: Easy loans, lower interest, subsidies, tax benefits, government tenders.",legal_compliance,"msme, udyam",beginner,Comprehensive manual curation
general_qa_0090,GENERAL,What is Shop Act license?,"License for commercial establishments under Shops and Establishments Act. Regulates working hours, holidays, wages. Mandatory for physical offices. State-specific. Apply to labor department.",legal_compliance,"shop act, establishment license",beginner,Comprehensive manual curation
general_qa_0091,GENERAL,What is FSSAI license?,"Food Safety and Standards Authority of India license. Mandatory for food businesses. Types: Basic (turnover <₹12L), State (₹12L-20Cr), Central (>₹20Cr). Apply on fssai.gov.in.",legal_compliance,"fssai, food license",beginner,Comprehensive manual curation
general_qa_0092,GENERAL,What is IEC code?,Import Export Code - 10-digit number for international trade. Mandatory for import/export. Lifetime validity. Apply on DGFT website. Free since 2020.,legal_compliance,"iec, import export",beginner,Comprehensive manual curation
general_qa_0093,GENERAL,What is professional tax?,State-level tax on professionals and salaried employees. Rates vary by state (₹200-2500/year). Employer deducts and pays. Not applicable in all states.,legal_compliance,professional tax,beginner,Comprehensive manual curation
general_qa_0094,GENERAL,What is EPF?,"Employees' Provident Fund - retirement savings scheme. Mandatory for establishments with 20+ employees. Employee contributes 12% of basic salary, employer contributes 12%. Managed by EPFO.",legal_compliance,"epf, provident fund",beginner,Comprehensive manual curation
general_qa_0095,GENERAL,What is ESI?,"Employees' State Insurance - health insurance for employees earning <₹21,000/month. Mandatory for establishments with 10+ employees. Employee: 0.75%, Employer: 3.25% of wages.",legal_compliance,"esi, employee insurance",beginner,Comprehensive manual curation
general_qa_0096,GENERAL,What is minimum wages?,"Minimum wage rates set by state governments for different categories. Employers must pay at least minimum wage. Varies by state, skill level, industry. Check state labor department.",legal_compliance,"minimum wages, wages",beginner,Comprehensive manual curation
general_qa_0097,GENERAL,What is NDA?,"Non-Disclosure Agreement - legal contract to protect confidential information. Use when: Discussing with investors, hiring employees, working with vendors. Prevents information sharing.",legal_compliance,"nda, confidentiality",beginner,Comprehensive manual curation
general_qa_0098,GENERAL,What is employment contract?,"Agreement between employer and employee defining: Role, salary, working hours, leave, termination, confidentiality, non-compete. Must comply with labor laws. Get lawyer to draft.",legal_compliance,"employment contract, offer letter",beginner,Comprehensive manual curation
general_qa_0099,GENERAL,What is founder agreement?,"Agreement between co-founders defining: Equity split, roles, decision-making, vesting, exit terms, IP ownership, dispute resolution. Critical to prevent future conflicts.",legal_compliance,"founder agreement, co-founder",beginner,Comprehensive manual curation
general_qa_0100,GENERAL,What is trademark?,"Symbol, word, or phrase identifying your brand. Protects brand name, logo, tagline. Register with Trademark Registry. Takes 12-18 months. Valid 10 years, renewable.",legal_compliance,"trademark, brand",beginner,Comprehensive manual curation
general_qa_0101,GENERAL,What is patent?,"Exclusive right to invention for 20 years. Must be novel, non-obvious, useful. File with Patent Office. Takes 3-5 years. Expensive (₹1-5L). SIPP scheme helps startups.",legal_compliance,"patent, invention",beginner,Comprehensive manual curation
general_qa_0102,GENERAL,What is copyright?,"Protection for original creative works: software, content, designs. Automatic upon creation. Registration provides legal proof. File with Copyright Office. Lifetime + 60 years.",legal_compliance,copyright,beginner,Comprehensive manual curation
general_qa_0103,GENERAL,What is corporate income tax?,"Tax on company profits. Rates: Domestic companies: 25-30%, New manufacturing companies: 15%, Startups (with IMB certificate): 0% for 3 years. File ITR-6 annually.",taxation,"income tax, corporate tax",beginner,Comprehensive manual curation
general_qa_0104,GENERAL,When to file income tax return?,"Due date: July 31 for companies (extended to Oct 31 if audited). File even if no income. Late filing penalty: ₹5,000-10,000 + interest.",taxation,"itr, tax filing",beginner,Comprehensive manual curation
general_qa_0105,GENERAL,What is TDS?,"Tax Deducted at Source - tax deducted when making payments (salary, rent, professional fees). Deductor deposits to government, gives TDS certificate to deductee. Deductee claims credit in ITR.",taxation,"tds, tax deduction",beginner,Comprehensive manual curation
general_qa_0106,GENERAL,What is advance tax?,"Tax paid in advance during the year (not at year-end). Mandatory if tax liability >₹10,000. Pay in 4 installments: June 15%, Sept 45%, Dec 75%, March 100%.",taxation,advance tax,beginner,Comprehensive manual curation
general_qa_0107,GENERAL,What is reverse charge mechanism?,"Recipient pays GST instead of supplier. Applies to: Imports, GTA services, legal services, director fees, etc. Recipient must be GST registered.",taxation,"rcm, reverse charge",beginner,Comprehensive manual curation
general_qa_0108,GENERAL,What is composition scheme?,"Simplified GST scheme for small businesses (turnover <₹1.5Cr). Pay flat rate (1-6%), quarterly returns, no input credit. Cannot do inter-state supply or e-commerce.",taxation,"composition scheme, gst",beginner,Comprehensive manual curation
general_qa_0109,GENERAL,What is e-way bill?,"Electronic document for goods movement >₹50,000. Generated on ewaybillgst.gov.in. Valid for distance-based duration. Mandatory for inter-state and intra-state transport.",taxation,"e-way bill, transport",beginner,Comprehensive manual curation
general_qa_0110,GENERAL,What is dividend distribution tax?,Tax on dividends paid to shareholders. Abolished from April 2020. Now shareholders pay tax on dividends as per their income slab.,taxation,"ddt, dividend tax",beginner,Comprehensive manual curation
general_qa_0111,GENERAL,What is capital gains tax?,"Tax on profit from selling assets (shares, property). Short-term (held <1 year): As per slab. Long-term (held >1 year): 10% above ₹1L for equity, 20% with indexation for property.",taxation,"capital gains, ltcg, stcg",beginner,Comprehensive manual curation
general_qa_0112,GENERAL,How to open company bank account?,"Documents needed: COI, PAN, MOA/AOA, Board resolution, Address proof, Director's KYC. Visit bank with all directors. Takes 3-7 days. Choose bank with startup benefits.",operations,"bank account, current account",beginner,Comprehensive manual curation
general_qa_0113,GENERAL,What is current account?,"Business bank account for companies. No transaction limit, no interest, monthly charges. Required for GST, business operations. Different from savings account.",operations,"current account, business account",beginner,Comprehensive manual curation
general_qa_0114,GENERAL,How to hire first employee?,"Steps: (1) Define role and salary, (2) Draft employment contract, (3) Collect documents (PAN, Aadhaar, bank), (4) Register for EPF/ESI if applicable, (5) Set up payroll, (6) Issue offer letter, (7) Onboard",operations,"hiring, first employee",beginner,Comprehensive manual curation
general_qa_0115,GENERAL,What is CTC?,"Cost to Company - total cost of employee including: Basic salary, HRA, allowances, bonuses, EPF, ESI, gratuity. Employee's take-home is less than CTC after deductions.",operations,"ctc, salary",beginner,Comprehensive manual curation
general_qa_0116,GENERAL,What is payroll?,"Process of paying employee salaries: Calculate gross, deduct TDS/EPF/ESI, pay net salary, file returns. Use payroll software or CA. Monthly process.",operations,"payroll, salary processing",beginner,Comprehensive manual curation
general_qa_0117,GENERAL,Do I need physical office?,"Not mandatory initially. Can use: (1) Registered office at home (with NOC), (2) Co-working space, (3) Virtual office for address. Physical office needed when scaling team.",operations,"office, workspace",beginner,Comprehensive manual curation
general_qa_0118,GENERAL,What is registered office?,Official address of company filed with ROC. All legal notices sent here. Must display company name board. Can be residential (with NOC) or commercial. Can change with ROC approval.,operations,"registered office, address",beginner,Comprehensive manual curation
general_qa_0119,GENERAL,Do I need accountant?,"Yes, recommended. Need for: GST returns, ITR filing, TDS returns, payroll, financial statements, audit, compliance. Hire CA or use accounting software + CA for filings.",operations,"accountant, ca",beginner,Comprehensive manual curation
general_qa_0120,GENERAL,What is bookkeeping?,"Recording daily financial transactions: Sales, purchases, expenses, receipts, payments. Maintains ledgers and books. Foundation for accounting and tax filing.",operations,"bookkeeping, accounting",beginner,Comprehensive manual curation
general_qa_0121,GENERAL,What accounting software to use?,"Options: Zoho Books, Tally, QuickBooks, ClearTax, Razorpay. Choose based on: Features needed, GST compliance, integrations, pricing. Most offer free trials.",operations,"accounting software, tally",beginner,Comprehensive manual curation
general_qa_0122,GENERAL,What is burn rate?,"Rate of spending cash reserves monthly. Example: ₹10L cash, spending ₹1L/month = ₹1L burn rate. Critical metric for runway calculation.",growth_scaling,"burn rate, cash burn",beginner,Comprehensive manual curation
general_qa_0123,GENERAL,What is runway?,"Months of operation possible with current cash. Formula: Total Cash / Monthly Burn Rate. Example: ₹10L cash, ₹1L burn = 10 months runway. Raise funding before runway ends.",growth_scaling,"runway, cash runway",beginner,Comprehensive manual curation
general_qa_0124,GENERAL,What is MRR?,"Monthly Recurring Revenue - predictable revenue from subscriptions each month. Key SaaS metric. Example: 100 customers × ₹1,000/month = ₹1L MRR.",growth_scaling,"mrr, recurring revenue",beginner,Comprehensive manual curation
general_qa_0125,GENERAL,What is ARR?,Annual Recurring Revenue - MRR × 12. Measures yearly subscription revenue. Used by SaaS companies for valuation and growth tracking.,growth_scaling,"arr, annual revenue",beginner,Comprehensive manual curation
general_qa_0126,GENERAL,What is CAC?,"Customer Acquisition Cost - cost to acquire one customer. Formula: Total Marketing + Sales Cost / New Customers. Example: ₹1L spent, 100 customers = ₹1,000 CAC.",growth_scaling,"cac, acquisition cost",beginner,Comprehensive manual curation
general_qa_0127,GENERAL,What is LTV?,Lifetime Value - total revenue from customer over relationship. Formula: Average Purchase Value × Purchase Frequency × Customer Lifespan. Should be 3× CAC minimum.,growth_scaling,"ltv, lifetime value",beginner,Comprehensive manual curation
general_qa_0128,GENERAL,What is churn rate?,Percentage of customers lost in period. Formula: (Customers Lost / Total Customers at Start) × 100. Example: Lost 10 of 100 customers = 10% churn. Lower is better.,growth_scaling,"churn, churn rate",beginner,Comprehensive manual curation
general_qa_0129,GENERAL,What is product-market fit?,"When product satisfies strong market demand. Signs: Organic growth, high retention, customers can't live without product, word-of-mouth referrals, sustainable unit economics.",growth_scaling,"product market fit, pmf",beginner,Comprehensive manual curation
general_qa_0130,GENERAL,How to acquire first customers?,"Strategies: (1) Personal network, (2) Content marketing, (3) Social media, (4) Cold outreach, (5) Partnerships, (6) Free trials, (7) Launch on Product Hunt, (8) Community building",growth_scaling,"customer acquisition, first customers",beginner,Comprehensive manual curation
general_qa_0131,GENERAL,What is MVP?,"Minimum Viable Product - simplest version with core features to test market. Launch quickly, get feedback, iterate. Don't build everything upfront.",growth_scaling,"mvp, minimum viable product",beginner,Comprehensive manual curation
general_qa_0132,GENERAL,What is pivot?,"Fundamental change in business model, product, or target market based on learnings. Example: Instagram pivoted from Burbn (check-in app) to photo-sharing.",growth_scaling,"pivot, business model change",beginner,Comprehensive manual curation
general_qa_0133,GENERAL,When to scale?,"Scale when: (1) Product-market fit achieved, (2) Unit economics positive, (3) Repeatable sales process, (4) Strong retention, (5) Have funding, (6) Team ready. Don't scale prematurely.",growth_scaling,"when to scale, scaling",beginner,Comprehensive manual curation
general_qa_0134,GENERAL,How to scale team?,"Steps: (1) Define roles needed, (2) Hire for culture fit + skills, (3) Set clear processes, (4) Delegate effectively, (5) Use tools for collaboration, (6) Regular communication, (7) Build strong culture",growth_scaling,"team scaling, hiring",beginner,Comprehensive manual curation
general_qa_0135,GENERAL,What is cash flow?,Movement of money in and out of business. Positive: More money coming in. Negative: More going out. Different from profit. Can be profitable but cash-flow negative.,financial_management,"cash flow, cash management",beginner,Comprehensive manual curation
general_qa_0136,GENERAL,How to manage cash flow?,"Tips: (1) Invoice promptly, (2) Follow up on payments, (3) Negotiate payment terms, (4) Control expenses, (5) Build cash reserves, (6) Monitor burn rate, (7) Forecast cash needs, (8) Use accounting software",financial_management,cash flow management,beginner,Comprehensive manual curation
general_qa_0137,GENERAL,What is working capital?,Money available for daily operations. Formula: Current Assets - Current Liabilities. Positive working capital means can pay short-term obligations.,financial_management,working capital,beginner,Comprehensive manual curation
general_qa_0138,GENERAL,What is P&L statement?,"Profit and Loss statement shows revenue, expenses, and profit/loss for period. Also called Income Statement. Format: Revenue - Expenses = Profit/Loss.",financial_management,"p&l, profit loss, income statement",beginner,Comprehensive manual curation
general_qa_0139,GENERAL,What is balance sheet?,"Snapshot of company's financial position at specific date. Shows: Assets (what you own), Liabilities (what you owe), Equity (owner's stake). Assets = Liabilities + Equity.",financial_management,balance sheet,beginner,Comprehensive manual curation
general_qa_0140,GENERAL,What is cash flow statement?,"Shows cash inflows and outflows from: Operating activities, Investing activities, Financing activities. Different from P&L as shows actual cash movement.",financial_management,cash flow statement,beginner,Comprehensive manual curation
general_qa_0141,GENERAL,How to create budget?,"Steps: (1) Estimate revenue, (2) List fixed costs (rent, salaries), (3) List variable costs (marketing, materials), (4) Add buffer (10-20%), (5) Track actual vs budget monthly, (6) Adjust as needed",financial_management,"budget, budgeting",beginner,Comprehensive manual curation
general_qa_0142,GENERAL,What is financial projection?,"Forecast of future financial performance: Revenue, expenses, cash flow for 3-5 years. Used for fundraising, planning. Based on assumptions - be realistic.",financial_management,"financial projection, forecast",beginner,Comprehensive manual curation
glossary_0143,GENERAL,,,funding,"vc, venture capital",beginner,Comprehensive manual curation
glossary_0144,GENERAL,,,funding,"angel, angel investor",beginner,Comprehensive manual curation
glossary_0145,GENERAL,,,funding,"bootstrapping, self-funding",beginner,Comprehensive manual curation
glossary_0146,GENERAL,,,funding,"seed, seed funding",beginner,Comprehensive manual curation
glossary_0147,GENERAL,,,funding,"series a, series b, series c",beginner,Comprehensive manual curation
glossary_0148,GENERAL,,,funding,"valuation, pre-money, post-money",beginner,Comprehensive manual curation
glossary_0149,GENERAL,,,funding,"dilution, equity dilution",beginner,Comprehensive manual curation
glossary_0150,GENERAL,,,funding,"cap table, ownership",beginner,Comprehensive manual curation
glossary_0151,GENERAL,,,funding,term sheet,beginner,Comprehensive manual curation
glossary_0152,GENERAL,,,funding,liquidation preference,beginner,Comprehensive manual curation
glossary_0153,GENERAL,,,funding,anti-dilution,beginner,Comprehensive manual curation
glossary_0154,GENERAL,,,funding,"vesting, cliff",beginner,Comprehensive manual curation
glossary_0155,GENERAL,,,funding,convertible note,beginner,Comprehensive manual curation
glossary_0156,GENERAL,,,funding,safe,beginner,Comprehensive manual curation
glossary_0157,GENERAL,,,funding,"ccps, preference shares",beginner,Comprehensive manual curation
glossary_0158,GENERAL,,,funding,"pro-rata, preemptive rights",beginner,Comprehensive manual curation
glossary_0159,GENERAL,,,funding,down round,beginner,Comprehensive manual curation
glossary_0160,GENERAL,,,funding,up round,beginner,Comprehensive manual curation
glossary_0161,GENERAL,,,funding,unicorn,beginner,Comprehensive manual curation
glossary_0162,GENERAL,,,funding,decacorn,beginner,Comprehensive manual curation
glossary_0163,GENERAL,,,metrics,"burn rate, cash burn",beginner,Comprehensive manual curation
glossary_0164,GENERAL,,,metrics,"runway, cash runway",beginner,Comprehensive manual curation
glossary_0165,GENERAL,,,metrics,"mrr, recurring revenue",beginner,Comprehensive manual curation
glossary_0166,GENERAL,,,metrics,arr,beginner,Comprehensive manual curation
glossary_0167,GENERAL,,,metrics,"cac, acquisition cost",beginner,Comprehensive manual curation
glossary_0168,GENERAL,,,metrics,"ltv, lifetime value",beginner,Comprehensive manual curation
glossary_0169,GENERAL,,,metrics,"churn, churn rate",beginner,Comprehensive manual curation
glossary_0170,GENERAL,,,metrics,gmv,beginner,Comprehensive manual curation
glossary_0171,GENERAL,,,metrics,arpu,beginner,Comprehensive manual curation
glossary_0172,GENERAL,,,metrics,unit economics,beginner,Comprehensive manual curation
glossary_0173,GENERAL,,,metrics,"product market fit, pmf",beginner,Comprehensive manual curation
glossary_0174,GENERAL,,,metrics,"nps, net promoter",beginner,Comprehensive manual curation
glossary_0175,GENERAL,,,metrics,"dau, mau",beginner,Comprehensive manual curation
glossary_0176,GENERAL,,,metrics,retention,beginner,Comprehensive manual curation
glossary_0177,GENERAL,,,metrics,conversion rate,beginner,Comprehensive manual curation
glossary_0178,GENERAL,,,legal,"dpiit, startup india",beginner,Comprehensive manual curation
glossary_0179,GENERAL,,,legal,roc,beginner,Comprehensive manual curation
glossary_0180,GENERAL,,,legal,cin,beginner,Comprehensive manual curation
glossary_0181,GENERAL,,,legal,din,beginner,Comprehensive manual curation
glossary_0182,GENERAL,,,legal,dsc,beginner,Comprehensive manual curation
glossary_0183,GENERAL,,,legal,"moa, memorandum",beginner,Comprehensive manual curation
glossary_0184,GENERAL,,,legal,"aoa, articles",beginner,Comprehensive manual curation
glossary_0185,GENERAL,,,legal,"nda, confidentiality",beginner,Comprehensive manual curation
glossary_0186,GENERAL,,,legal,"ip, intellectual property",beginner,Comprehensive manual curation
glossary_0187,GENERAL,,,legal,trademark,beginner,Comprehensive manual curation
glossary_0188,GENERAL,,,legal,patent,beginner,Comprehensive manual curation
glossary_0189,GENERAL,,,legal,copyright,beginner,Comprehensive manual curation
glossary_0190,GENERAL,,,legal,fema,beginner,Comprehensive manual curation
glossary_0191,GENERAL,,,legal,sebi,beginner,Comprehensive manual curation
glossary_0192,GENERAL,,,legal,imb,beginner,Comprehensive manual curation
